driverId,name,ssn,location,certified,wage-plan
10,Christopher Huang,603-49-1455,"878 Eric Park Suite 378
North Ricardomouth, WI 92800",N,hours
11,Nicholas Pennington,845-88-3259,"94698 Elizabeth Hills
Port Maryland, VT 44293",N,hours
12,David Coleman,456-52-1978,"53769 Chapman Trace Apt. 933
West Cynthiaview, IL 54296",N,hours
13,Mrs. Cathy Nelson PhD,712-95-7048,"360 Allen Route
Port Michelleberg, AZ 90715",Y,hours
14,Alan Mullen,444-42-5930,"9687 Sparks Haven Suite 756
Rogersmouth, OH 76499",Y,hours
15,Tonya Davidson,433-42-2940,"48034 Bell Mountain Suite 679
South Thomas, WA 88615",N,hours
16,Sara Carter,034-17-4428,"299 Paula Hollow
New Glen, WV 45586",Y,miles
17,Kimberly Schmidt,014-07-8021,"7929 Deanna Lane Suite 545
North Mary, DC 68560",Y,hours
18,Michelle Cooke,116-51-0439,"927 Lee Rapids
Alexandriamouth, MD 32816",N,miles
19,Jerry Holder,305-75-3801,"19498 Kerr Groves Apt. 187
East Joelfurt, AR 39125",Y,miles
20,Jennifer Thomas,208-49-3809,"3969 Nelson Fall
Wilsonton, VI 25650",N,miles
21,Timothy Rich,182-14-2193,"7609 Andrew Parkways
Williamsonburgh, VI 54072",Y,miles
22,Brittany Barker,101-21-0998,"14715 Thompson Station
Lukefort, ME 34165",N,miles
23,Nicole Villarreal,101-60-4509,"473 Gilmore Station
Amymouth, LA 34405",Y,hours
24,Rodney Brown,704-95-3770,"8386 Barker Gardens Suite 492
New Lindsey, RI 79164",N,hours
25,Eric Terrell,576-61-8540,"089 Tiffany Estate Apt. 377
Rebeccaport, IA 46945",N,miles
26,Trevor Simmons,402-34-3645,"34719 Toni Road
Lake Glennland, MA 06477",N,miles
27,Cindy Hawkins,673-18-0105,"40398 Misty Alley Suite 660
Doyletown, NM 23985",N,hours
28,Robert Greer,560-56-0677,"328 Moore Curve Suite 998
Juarezfurt, TX 11404",Y,miles
29,Olivia Bryant,888-61-7560,"169 Garza Shore
Jasonbury, PR 43000",N,miles
30,Christopher Ponce,168-12-4709,"1900 Tanya Rapids
Jacksonshire, AK 17003",Y,hours
31,Robert Young,269-11-8583,"2387 Danielle Vista Apt. 075
Bradleychester, RI 79847",Y,hours
32,Ann Hernandez,867-45-2221,"427 Kelly Mill Suite 366
Miguelport, VA 14869",Y,hours
33,James Walker,508-55-6237,"4506 Dustin Courts
Paigetown, OK 74220",N,hours
34,Mary Ortiz,784-16-2526,"92820 Sims Street
Nicoleshire, MS 19807",Y,hours
35,Jonathan Massey,184-69-5251,"1976 Burke Crescent
East Oscarstad, NM 64739",N,miles
36,Timothy Smith,202-43-9942,"1598 Dustin Brooks Suite 837
Lake Daniel, GA 10473",Y,hours
37,Todd Black,860-44-0158,"21995 Lori Inlet
East Kelly, MH 25756",Y,miles
38,Christina Benson,876-22-9301,"21493 Bennett Harbor Suite 722
Port Erin, ME 70977",Y,hours
39,Chad Robinson,446-86-9283,"07991 Alexander Tunnel Suite 451
Port Brian, PA 51037",N,hours
40,Nicole Robinson,291-44-8880,"4599 Oconnell Center
Robertsonshire, MH 72043",N,hours
41,Amanda Schwartz MD,167-46-5676,"90123 Adrienne Meadow
Port Christyborough, WA 30991",Y,miles
42,Mrs. Stacy Shelton,436-35-8878,"442 Shannon Path Suite 541
Nicholsonhaven, IL 61437",Y,hours
43,Tim Murphy,109-57-5145,"8993 Williams Camp
Port Emilyhaven, VT 84144",N,hours
44,Jeffrey Leon,105-67-8800,"74234 Jessica Parkways
North Katie, MD 32918",Y,miles
45,Kevin Myers,258-45-4640,"7454 Reid Junction Apt. 701
South Tylerland, NH 10538",Y,miles
46,Gregory Avery,485-33-8768,"9329 Cynthia Squares
West Paul, MD 01372",N,hours
47,Danielle Brown,386-22-2971,"427 Ray Parkway Suite 630
West Johntown, HI 55561",N,hours
48,April Hopkins,664-39-9577,"71016 Daugherty Square
New Christopherland, TN 21590",Y,hours
49,Ashley Stafford,146-80-1021,"91680 Robert Fields Suite 636
East Catherine, GU 15105",N,hours
50,Nancy Gregory,670-88-1470,"4123 Leach Drive
West Lauren, CT 63563",N,miles
51,Susan Edwards,191-43-3600,"585 Bender Mall
West Joshua, SC 35051",Y,hours
52,Donald Campos,658-18-9167,"48572 Paul Inlet Apt. 687
Richardstad, OH 98155",Y,hours
53,Jennifer Lucas,094-77-7468,"6744 Gomez Mall Apt. 936
Traceyberg, MA 19632",Y,miles
54,Pamela Herman,305-09-5949,"806 Fuller Mountains
Richardmouth, ND 83889",Y,hours
55,Connor Smith,413-86-4810,"482 Katie Groves
Barbaramouth, TN 28213",Y,hours
56,Sharon Robertson,293-43-7733,"3674 Small Lights
Smithmouth, WY 31479",Y,hours
57,Shane Brown,337-33-6284,"6827 Anderson Squares
New James, DC 10935",Y,hours
58,Megan Miller,020-97-6390,"203 Phillips Shoal Apt. 455
Jesusfurt, CO 18484",Y,miles
59,Susan Kelley,693-59-2493,"2195 Albert Bridge
South Bryceborough, SC 15796",N,hours
60,Daniel Mcdowell,789-22-5360,"6850 Susan Pike Suite 723
Paigefurt, KS 41766",Y,miles
61,George Anderson,320-62-7599,"569 Donna Bypass
North Christopherside, NH 02598",Y,miles
62,Katherine Rogers,843-56-1986,"9830 Corey Fords Suite 917
West Shelby, NC 60269",N,miles
63,Sean Ware,569-07-0429,"171 Castaneda Villages
Jamesview, MA 15549",Y,hours
64,James Edwards,636-21-2002,"73292 Walton Oval Apt. 598
Lake Mary, SC 63550",Y,miles
65,Ashley Williams,153-90-0965,"01582 Hale Island
Lynchburgh, NE 36871",N,miles
66,Mariah Castillo,630-32-6322,"Unit 3488 Box 5828
DPO AP 65536",Y,hours
67,John Reid,246-14-5227,"839 Jennifer Fields
Wendyville, MP 18513",Y,hours
68,Denise Russo,129-52-5421,"41725 Candice Fall
New Thomasshire, NV 15721",N,hours
69,Albert Edwards,515-91-9640,"9608 Rivera Lodge Suite 644
Karibury, NJ 96951",N,miles
70,Christopher Howard,665-13-3667,"5173 Wagner Ports Suite 996
West Michelle, NY 07306",Y,miles
71,Robert Rodriguez,794-81-7837,"15474 Darren Lane
Kimberg, TN 90728",N,miles
72,Robert Watkins,892-37-0769,"332 Mitchell Throughway
Brennanmouth, VI 24321",Y,miles
73,Ryan Cox,543-82-1866,"9103 Cook Stravenue Apt. 354
West Danieltown, NM 02696",N,miles
74,Brianna Buchanan,512-87-1715,"238 Brooks Motorway
East Samantha, AK 75741",N,hours
75,Joseph Clayton,133-47-4697,"4266 Hansen Ways Apt. 417
Priscillaborough, PW 73474",N,hours
76,Valerie Hess,808-37-9925,"556 Hughes Inlet Suite 605
Michaelbury, CA 67462",Y,miles
77,Rachel Martinez,388-66-8542,"408 Janice Rue Suite 725
Lambertbury, MA 17744",N,miles
78,Megan Jordan,168-68-2352,"0320 Taylor Shoal Apt. 391
Jennahaven, WY 81367",N,hours
79,Vicki Carroll,481-97-1046,"607 Tracy Square Suite 043
North Karenbury, SC 26713",N,miles
80,Christopher Baker,587-62-5620,"394 Harris Stravenue
Hayesfort, OH 54481",Y,miles
81,Brianna Anderson,678-08-4580,"USNS Little
FPO AP 30055",Y,miles
82,Angela Perez,898-01-1938,"547 Shields Neck
New Justin, ND 31128",Y,hours
83,Kevin Ross,231-77-2560,"78664 Scott Points Apt. 298
Reyestown, NV 47167",N,hours
84,Robin Ward,269-17-3976,"111 Jacob Prairie Suite 468
North Robert, LA 17931",Y,hours
85,Alison Mitchell,049-04-7666,"Unit 8470 Box 3252
DPO AA 30873",N,miles
86,John Taylor,479-78-2890,"708 Megan Harbors
East Kerry, NM 38627",Y,hours
87,Jennifer Daniels,550-71-6676,"4686 Justin Valleys
New Miguel, MI 57643",Y,hours
88,Cheryl Carter,195-79-4463,"08676 Paul Pine
North Jessica, IA 90185",N,miles
89,Charles Walker,742-27-5893,"06010 Cameron Gardens Apt. 878
Carmenview, VA 43710",N,miles
90,Katherine Pacheco,483-41-9650,"1974 Douglas Road Apt. 183
East Robin, TN 26886",Y,miles
91,Allison Simpson,770-59-5584,"1197 Mackenzie Greens
North Rebecca, ME 30012",N,hours
92,Terry Mendoza,807-59-4731,"7629 Becky Skyway
Franklinburgh, SC 86316",Y,hours
93,Amanda Phillips,347-24-5529,"948 Richards Prairie
North Michael, MT 01952",N,miles
94,Katherine Davis,649-81-0858,"1611 Brewer Inlet Apt. 853
Marcbury, AS 13798",Y,miles
95,Abigail Lee,702-61-0037,"8498 Tiffany Throughway Apt. 150
Brittneyton, NJ 66293",Y,miles
96,Cynthia Adams DDS,862-19-4610,"172 Hartman Crescent
Kimberlyport, SD 91146",Y,hours
97,David Harrison,560-77-3435,"17932 Trevino Mews
Lake Amandachester, MN 48760",N,miles
98,Harold Pollard,051-51-9390,"Unit 1960 Box 3298
DPO AE 43844",N,miles
99,Kim Silva,393-83-2090,"43853 Salazar Walk
Carterborough, OK 67256",N,hours
100,Michael Russell,078-13-3845,"PSC 9468, Box 8648
APO AP 89838",N,hours
101,Jose Castillo,225-33-6860,"03353 Monroe Manors
Shawnland, GA 76670",Y,hours
102,Barbara Murphy,225-80-1150,"41390 Hughes Plaza Apt. 675
Grosstown, DC 18701",Y,miles
103,Brittney Simon,777-53-8628,"5824 Amber Motorway Suite 091
Allisonview, WY 03751",N,hours
104,Chad Young,125-42-4973,"13959 Michael Trace
Bakershire, PR 21268",Y,miles
105,Julie Jackson,425-26-0043,"34503 Douglas Circle Suite 263
Port Davidton, HI 86966",Y,miles
106,John Brown DDS,428-93-8859,"6142 Cheryl Plain Apt. 982
East Danaport, NM 01876",N,miles
107,Paul Smith,244-51-6100,"623 Hunter Place Suite 374
Jonathanfort, AR 18921",N,hours
108,Michael Carlson,842-93-4767,"91428 Alexis Street
East Bryanberg, OR 66671",Y,miles
109,Crystal Moore,172-24-6344,"7996 Mary Alley
New Zacharyview, FL 62456",Y,hours
